country,1953,1954,1955,1956,1957,1958,1959,1960,1961,1962,1963,1964,1965,1966,1967,1968,1969,1970,1971,1972,1973,1974,1975,1976,1977,1978,1979,1980,1981,1982,1983,1984,1985,1986,1987,1988,1989,1990,1991,1992,1993,1994,1995,1996,1997,1998,1999,2000,2001,2002,2003,2004,2005,2006,2007,2008,2009,2010,2011,2012,2013,2014,2015,2016,2017,2018,2019
Afghanistan,,,,,,,,,,,,,,,,,,,,,,,,,,,,,,,,,,,,,,7.52,7.38,7.27,7.18,7.07,6.96,6.85,6.77,6.7,6.66,6.65,6.67,6.69,6.8,6.9,6.98,7.06,7.16,7.27,7.4,7.53,7.66,7.77,7.87,7.99,8.08,8.16,8.26,8.36,8.41
Angola,,,,,,,,,,,,,,,,,,,,,,,,,,,,,,,,,,,,,,9.29,9.28,9.31,9.29,9.23,9.1,8.96,8.93,9.06,9.14,9.09,8.97,8.75,8.76,9.01,8.98,9.24,9.39,9.65,10,10.3,10.6,11,11.1,11.1,11.3,11.4,11.7,11.9,12.1
Albania,,,,,,,,,,,,,,,,,,,,,,,,,,,,,,,,,,,,,,12.7,12.6,12,11.6,10.7,10.7,10.8,10.5,10.4,10.4,10.7,10.7,11.2,12,12.6,12.5,12.1,12,12.5,12.9,13.3,13.8,14.1,14.6,15.3,16.1,16.4,16.7,17,17.2
Andorra,,,,,,,,,,,,,,,,,,,,,,,,,,,,,,,,,,,,,,81.6,82.5,84.3,84.2,84,83.4,83.6,85,87.1,88.7,89.3,89.5,89.8,90.9,92.1,92.1,92,91.4,90.7,90.1,89.2,88.5,88,87.2,86.4,85.6,85.6,85.4,85.4,85.2
UAE,,,,,,,,,,,,,,,,,,,,,,,,,,,,,,,,,,,,,,21,21.5,22,22.4,23.4,24,24.6,25.4,25.6,26,27.9,28.5,28.9,28.7,28.7,28.9,28,25.7,24.9,24.4,23.9,23.6,23.3,23.2,23,22.8,22.8,22.6,22.7,22.9
Argentina,,,,,,,,,,,,,,,,,,,,,,,,,,,,,,,,,,,,,,31.3,31.3,32.9,32.8,33.2,33.6,34.9,36.5,37.7,39,38.3,39,40.1,40.3,39.4,39.8,40.3,41.7,40.5,40.1,39.9,40.5,40.8,40.6,39.6,40.3,42.6,43.6,43.6,44
Armenia,,,,,,,,,,,,,,,,,,,,,,,,,,,,,,,,,,,,,,19.5,19.8,20.6,21.5,20.4,19.2,19.2,18.1,17.5,18.5,18.3,18.5,18.8,19.1,19.3,20,20.3,20.3,20.6,21.4,22.1,21.7,20.9,20.6,21.3,22,22.2,22.4,22.9,23.2
American Samoa,,,,,,,,,,,,,,,,,,,,,,,,,,,,,,,,,,,,,,21.3,21.1,20.8,20.8,21.4,21.7,21.9,21.9,22.3,21.6,22.3,21.9,21.6,21.5,21.9,22.1,22.4,22.6,22.9,23.1,23.2,23.6,24.1,24.1,24.2,24.5,25,24.6,24.5,24.4
Antigua and Barbuda,,,,,,,,,,,,,,,,,,,,,,,,,,,,,,,,,,,,,,17,17.1,17.4,18.3,18.7,18.9,16.8,16.3,16.2,16.4,16.9,16.6,16.5,16.6,17,17.2,18.2,22.8,23.4,20.9,20.8,20.8,20.6,20.1,20.5,20.6,20.6,20.6,20.9,21.3
Australia,,,,,,,,,,,,,,,,,,,,,,,,,,,,,,,,,,,,,,58.6,58.5,60.2,60.8,63.2,62.8,64,64.1,64.7,64.2,63.4,61.6,60.2,57.5,59.5,59.8,58.8,60.2,60.6,59.3,58.5,56.6,54.1,53.3,54.3,55.3,53.3,53.4,54.7,55.2
Austria,,,,,,,,,,,,,,,,,,,,,,,,,,,,,,,,,,,,,,64.8,67.2,67.8,69.3,69.2,69.7,69.7,68.4,67.6,65.3,64,61.7,61,59.1,57.2,54.8,51.7,50.8,48.6,49.5,47.7,45.8,45.1,44.7,43.9,44.5,43.4,43.1,42.9,43
Azerbaijan,,,,,,,,,,,,,,,,,,,,,,,,,,,,,,,,,,,,,,15.8,15.9,16.3,16.2,16,15.1,14.2,13.4,12.8,12.4,12,11.5,11.6,12,12.4,13.2,14,14.8,15.9,16.6,17.2,17.9,18.4,18.7,19,19.1,19.3,19.6,19.2,19.2
Burundi,,,,,,,,,,,,,,,,,,,,,,,,,,,,,,,,,,,,,,9.36,9.43,9.5,9.56,9.54,9.55,9.46,9.32,9.22,8.98,8.78,8.49,8.41,8.41,8.49,8.51,8.4,8.3,8.23,8.21,8.29,8.33,8.35,8.33,8.29,8.21,8.11,8.07,8.12,8.1
Belgium,,,,,,,,,,,,,,,,,,,,,,,,,,,,,,,,,,,,,,50.3,50.4,50.6,51.8,51.8,52.1,50.8,51,50.9,51.9,51.7,51.3,52.4,52.4,51.9,52.1,49.8,49.4,48.3,50,49.7,49.7,50.7,49.6,48.5,48.6,47.5,48,48.1,48.5
Benin,,,,,,,,,,,,,,,,,,,,,,,,,,,,,,,,,,,,,,7.66,7.72,7.72,7.76,7.87,7.97,8.07,8.06,8.07,8.06,8.16,8.18,8.29,8.32,8.37,8.4,8.49,8.49,8.59,8.7,8.81,8.91,8.91,8.87,8.8,8.76,8.73,8.8,8.78,8.82
Burkina Faso,,,,,,,,,,,,,,,,,,,,,,,,,,,,,,,,,,,,,,6.69,6.68,6.67,6.72,6.73,6.75,6.72,6.74,6.76,6.64,6.66,6.56,6.53,6.57,6.67,6.78,6.84,6.82,6.84,6.88,7.11,7.26,7.43,7.63,7.74,7.87,8.03,8.18,8.31,8.32
Bangladesh,,,,,,,,,,,,,,,,,,,,,,,,,,,,,,,,,,,,,,5.01,4.7,4.73,4.78,4.79,4.9,4.91,4.89,4.87,4.82,4.9,4.85,4.88,4.97,4.98,5.06,5.22,5.33,5.33,5.31,5.33,4.99,4.72,4.73,4.93,4.91,5.06,5.41,5.6,5.77
Bulgaria,,,,,,,,,,,,,,,,,,,,,,,,,,,,,,,,,,,,,,33.4,30.8,29.3,27.1,27,26.4,26.7,27.9,28.3,27.6,29.5,31.4,33.6,36.3,40.5,44.6,47.6,49.4,50.4,51.9,53,54,54.4,54.9,57.1,56.9,57.3,57.7,58,58.1
Bahrain,,,,,,,,,,,,,,,,,,,,,,,,,,,,,,,,,,,,,,17,17.7,17.9,17.6,18,18.7,19.3,19.9,20.4,19.6,16.9,15.7,18.4,20.7,21,21,20.9,20.5,20.6,20.9,21.2,20.7,19.9,18.8,18.3,18.1,18.2,18.7,19.3,19.9
Bahamas,,,,,,,,,,,,,,,,,,,,,,,,,,,,,,,,,,,,,,28,26.5,25.1,25.5,26.5,26.9,27.4,26.8,27.4,29.2,28.9,29.9,28.8,28.9,29.4,29.1,30.3,29.9,31.1,31.9,32.9,33,33,31.9,32.1,32.5,32.6,32.7,33.4,33.9
Bosnia and Herzegovina,,,,,,,,,,,,,,,,,,,,,,,,,,,,,,,,,,,,,,19.9,21.6,20.9,20.9,20.6,20.4,20.8,21.4,22.1,23.6,26.3,28.8,31.7,34.3,35.5,39.3,39.4,42.5,41.2,41.9,42,42.9,42.5,43.4,43.7,44.9,44.8,44.8,45.5,46
Belarus,,,,,,,,,,,,,,,,,,,,,,,,,,,,,,,,,,,,,,31.3,33.8,35.4,39,38.7,38.9,39.3,40.4,41.1,41.5,37.9,39.6,39.5,37.5,36.7,37.3,36.9,35,36.9,37.8,40.3,42.6,39.3,40.2,41.6,42.7,43.7,45.2,44.9,45.5
Belize,,,,,,,,,,,,,,,,,,,,,,,,,,,,,,,,,,,,,,7.69,7.6,7.84,8.07,8.57,9.43,10.6,12.3,13.5,14.7,14.9,13.9,13,12.7,13.1,13.2,13.4,13.4,13.1,13.3,13.6,13.6,13.5,13.6,14.1,14.8,14.9,15.1,15.7,16.1
Bermuda,,,,,,,,,,,,,,,,,,,,,,,,,,,,,,,,,,,,,,47.8,46.5,43.5,44.5,44.2,41.9,43.3,42.3,42.7,44.2,45.3,44,44.8,45.9,46.9,48,49.5,49.7,50.9,51.9,53.3,53.4,54,54.2,54.8,54.4,53.5,53.7,54.1,54.5
Bolivia,,,,,,,,,,,,,,,,,,,,,,,,,,,,,,,,,,,,,,8.77,8.93,9.04,9.08,9.09,9.27,9.35,9.89,10.2,10.4,10.7,10.9,11,11.3,11.3,11.3,11.5,11.8,11.9,12,12.3,12.6,12.9,13.1,12.7,13.3,14.5,14.8,15.3,15.7
Brazil,,,,,,,,,,,,,,,,,,,,,,,,,,,,,,,,,,,,,,12.3,12.3,12.6,13.3,13.5,13.8,14.3,14.6,15.3,15.7,16.2,16.6,17,17.6,18,17.9,18.3,18.4,18.7,18.9,19.2,19.5,19.4,19.6,19.5,19.6,20.1,19.8,19.7,19.9
Barbados,,,,,,,,,,,,,,,,,,,,,,,,,,,,,,,,,,,,,,25.9,26,27.6,29.2,31,31.8,32.7,34,33.8,31.9,31.4,30.9,33.7,36,38.3,38.2,38.8,38.1,38.3,36.3,36.5,36.3,36.6,37,37.1,36.9,37.1,37.6,39,41.9
Brunei,,,,,,,,,,,,,,,,,,,,,,,,,,,,,,,,,,,,,,54.3,52.4,51.5,50.7,46.8,44.8,42.2,41.6,42.4,43.5,43.7,43.4,45.7,50,52.4,55.6,57.3,56.3,57.2,59.8,62,62.5,63.1,65.5,66.2,66.3,66.7,67.1,67.7,67.5
Bhutan,,,,,,,,,,,,,,,,,,,,,,,,,,,,,,,,,,,,,,4.36,4.4,4.42,4.46,4.5,4.56,4.55,4.67,4.79,4.84,5.02,5.08,5.18,5.35,5.48,5.6,5.73,5.92,6.1,6.31,6.47,6.6,6.74,6.85,6.97,7.09,7.23,7.38,7.6,7.81
Botswana,,,,,,,,,,,,,,,,,,,,,,,,,,,,,,,,,,,,,,13,13.7,14.5,15.4,16.4,17.6,18.9,20.1,20.9,21.7,22.4,22.8,23,22.8,22.3,21.7,21.8,21.3,21.2,21.1,21.3,21.5,21.6,21.8,21.9,21.9,21.9,22,22.4,22.6
Central African Republic,,,,,,,,,,,,,,,,,,,,,,,,,,,,,,,,,,,,,,8.99,9.07,8.95,8.85,8.8,8.75,8.78,8.68,8.64,8.59,8.48,8.46,8.47,8.44,8.41,8.36,8.37,8.37,8.36,8.38,8.48,8.57,8.58,8.45,8.26,8.1,7.99,7.9,7.86,7.8
Canada,,,,,,,,,,,,,,,,,,,,,,,,,,,,,,,43.7,45.8,48.8,49.5,51.2,52.6,53.1,54.5,54,54.2,55.4,54.7,55.5,55.2,55.9,56.5,57.7,57.6,57.7,57.8,60,59.8,60.2,59.2,60.9,61.3,60.7,59.4,57.8,58.9,58,58.1,57.3,57.8,57.7,59.3,59.3
Switzerland,,,,,,,,,,,,,,,,,,,,,,,,,,,,,,,,,,,,,,37.1,39.3,40,40.5,42.6,45.1,44.5,46.2,47.8,46.9,48.5,47.1,46.9,47.3,46.5,46.2,45.3,45.2,44,44.9,43.5,42.4,41.6,41.7,40.6,39.8,38.6,38.6,38.4,38.2
Chile,,,,,,,,,,,,,,,,,,,,,,,,,,,,,,,,,,,,,,16.4,15.8,15.4,16.2,16.6,17.3,17.6,17.3,17.3,17.6,17.6,18.8,18.8,19.9,20.6,20.6,20.6,21.2,21.6,23.2,24.3,24.5,25.3,26.4,27,27.6,27.2,27.4,27.6,27.7
China,,,,,,,,,,,,,,,,,,,,,,,,,,,,,,,,,,,,,,14.2,14.4,14.6,14.7,14.7,14.9,15.3,15.9,16.5,17.1,18.3,19.6,21.2,23.1,25.4,26.9,27.7,29.1,30.7,32.5,34.4,35.4,36.1,36.4,37,37.1,37.3,38.4,40,41.4
Cote d'Ivoire,,,,,,,,,,,,,,,,,,,,,,,,,,,,,,,,,,,,,,10.8,11.1,11.5,11.8,12.1,12.3,12.4,12.4,12.4,12.3,12.3,12.1,12.1,11.9,11.8,11.6,11.4,11.2,11,11,11,11,11,11.1,11,11.1,10.8,10.8,11.1,11
Cameroon,,,,,,,,,,,,,,,,,,,,,,,,,,,,,,,,,,,,,,10.7,10.9,11.1,11.3,11.3,11.3,11.4,11.6,11.8,11.7,11.8,11.8,11.9,12.1,12.3,12.4,12.6,12.6,12.6,12.7,12.8,12.9,13.1,13.2,13.1,13.1,13.1,13.1,13.3,13.3
"Congo, Dem. Rep.",,,,,,,,,,,,,,,,,,,,,,,,,,,,,,,,,,,,,,7.68,7.67,7.58,7.4,7.29,7.25,7.23,7.01,6.87,6.72,6.56,6.39,6.19,6.21,6.12,6.03,5.96,5.89,5.96,6,6.1,6.25,6.4,6.56,6.67,6.76,6.85,6.98,7.2,7.32
"Congo, Rep.",,,,,,,,,,,,,,,,,,,,,,,,,,,,,,,,,,,,,,14.3,14.2,14.1,14,14.1,14.1,14,14,13.5,13.2,12.7,12.2,11.8,11.8,11.6,11.5,11.5,11.6,11.6,11.7,11.8,12,12.3,12.5,12.6,12.8,12.9,13,13.2,13.3
Cook Is,,,,,,,,,,,,,,,,,,,,,,,,,,,,,,,,,,,,,,10.7,10.8,10.9,11,11.1,11.1,11.1,11.1,11.1,11.1,11.3,10.9,10.8,10.7,10.8,10.8,10.9,11,11,11.1,11.3,11.6,11.8,11.9,12.2,12.4,12.9,13.1,13.3,13.5
Colombia,,,,,,,,,,,,,,,,,,,,,,,,,,,,,,,,,,,,,,10.4,10.9,11,11.1,11.6,11.9,12.5,12.3,12.2,12.8,12.9,13.1,15.7,14.3,14.5,13.8,14.5,14.2,14.8,16.2,16.4,16,16.3,16.3,15.7,16.3,16.5,16.8,17,17.3
Comoros,,,,,,,,,,,,,,,,,,,,,,,,,,,,,,,,,,,,,,8.37,8.3,8.57,8.68,8.85,8.97,8.98,8.95,8.74,8.56,8.68,8.61,8.6,8.4,8.15,8.32,8.14,8.59,8.73,8.52,8.44,8.62,8.74,8.82,9.25,9.26,9.31,9.39,9.32,9.35
Cape Verde,,,,,,,,,,,,,,,,,,,,,,,,,,,,,,,,,,,,,,4.82,5,5.13,5.39,5.7,6.12,6.86,7.71,8.05,8.34,8.58,8.86,9.16,9.44,9.74,10,9.22,9.05,9.28,9.48,9.58,9.83,10.3,10.4,10.4,10.5,10.8,11.4,15.8,16.1
Costa Rica,,,,,,,,,,,,,,,,,,,,,,,,,,,,10.3,7.84,10.1,8.47,10.4,11.8,10.6,11.6,12.3,12.5,14.2,14.5,15.2,14.7,15.4,16.2,15.6,16.1,16.5,18.4,18.1,19,19.4,20.8,22.3,21,23.5,21.6,22.8,22.7,27.2,26,26.4,27.8,28.8,30.5,32.1,32.1,33.1,33.1
Cuba,,,,,,,,,,,,,,,,,,,,,,,,,,,,,,,,,,,,,,21.4,21.7,22.1,22.4,22.6,21.9,21.6,21.9,22.1,22.6,22.5,22.8,22.2,23,24,25.2,24.6,24.7,24.7,25.4,25.9,24.7,26.5,26.9,27.7,29.1,30.3,32.4,33.2,32.5
Cyprus,,,,,,,,,,,,,,,,,,,,,,,,,,,,,,,,,,,,,,22,22.8,24.1,25.6,26.7,27.1,26.9,27.6,28.2,28.8,30.1,31.2,33.2,35.1,38.1,40.7,42.8,46.4,48.3,50.4,50.4,48.8,48.6,48.8,48.8,48.6,47,45.1,45.1,45.3
Czech Republic,,,,,,,,,,,,,,,,,,,,,,,,,,,,,,,40.4,43.1,49.5,53.7,56.6,63.5,65.9,67.7,65.8,66.1,66.4,70.7,72.5,72.5,73.6,71.8,71.7,70.5,64.1,71,75,74.3,73,70.2,69.8,69.4,68,66.7,64.4,62,59.9,57.4,57,56,56.5,57.7,57.6
Germany,,,,,,,,,,,,,,,,,,,,,,,,,,,,,,,,,,,,,,52.4,54.1,54.9,56.6,57.7,58.1,58.9,59.7,61,63.5,67.6,68.4,70.2,70.4,69.2,68.3,67,65.8,64.4,62,57.6,54,51.6,50.6,48.4,49.4,48.6,49.3,50.2,51
Djibouti,,,,,,,,,,,,,,,,,,,,,,,,,,,,,,,,,,,,,,9.59,9.62,9.66,9.74,9.6,9.83,9.92,9.95,10.1,10.1,10,10,10.2,10.3,10.8,11.1,11.1,11.2,11.3,11.4,11.6,11.7,11.8,11.9,11.9,12.1,12.2,12.4,12.8,13
Dominica,,,,,,,,,,,,,,,,,,,,,,,,,,,,,,,,,,,,,,16.8,16.6,16.7,17.1,17.6,18.2,18.6,18.5,18.4,18.6,19,19.2,19.4,19.6,19.7,19.8,19.9,19.8,19.8,20,20.4,20.9,21.4,21.6,21.7,21.6,21.4,21.4,21.4,21.4
Denmark,31.8,31.4,29.8,29.3,30.5,31.5,34.6,31.8,35.6,32.2,34,32.3,33.6,32,33.8,34.8,35.4,34.4,34.4,35.9,37.1,37.9,38.9,40.6,39.9,41.1,40.3,39.7,42,40.8,42.7,42.8,43.4,43.6,43.3,45.8,43.7,43.7,44,45.6,48.1,51.9,52.6,54.4,54.2,54,56.7,54,55.3,57.6,58.5,58.9,57,59.4,60.1,58.7,60.1,60.5,57.5,56.5,56.8,56.3,54.8,56,56.6,56.5,56.4
Dominican Republic,,,,,,,,,,,,,,,,,,,,,,,,,,,,,,,,,,,,,,7.8,7.6,7.41,7.56,7.84,8.18,8.64,9.16,9.75,10.4,10.3,10.3,10.7,11.2,12.1,12.9,13.8,14.3,14.5,14.6,14.8,15,16.1,17.1,17.5,18.1,18.6,18.8,18.9,19.1
Algeria,,,,,,,,,,,,,,,,,,,,,,,,,,,,,,,,,,,,,,8.14,8.18,8.29,8.37,8.44,8.52,8.67,8.75,8.81,8.92,8.99,9.1,9.22,9.35,9.52,9.72,9.89,10,10.1,10.2,10.2,10.3,10.4,10.4,10.5,10.6,10.8,11,11.3,11.5
Ecuador,,,,,,,,,,,,,,,,,,,,,,,,,,,,,,,,,,,,,,7.61,8.29,8.28,8.25,8.43,8.43,8.88,8.93,9.63,9.95,10.2,11,12.1,12.8,13.7,14.6,15.2,15.8,16.2,15.9,16.1,16.8,17.3,17.8,17.6,17.6,18.2,18.7,19,18.9
Egypt,,,,,,,,,,,,,,,,,,,,,,,,,,,,,,,,,,,,,,6.02,6,6.07,6.35,6.59,6.57,6.55,6.64,6.61,6.85,6.95,7.33,7.5,7.73,7.85,7.77,7.81,7.64,7.77,8.14,8.35,8.71,8.76,8.37,8.59,9.37,9.81,10,10.4,10.7
Eritrea,,,,,,,,,,,,,,,,,,,,,,,,,,,,,,,,,,,,,,7.88,8.08,8.29,8.58,9.06,9.75,10,10.3,10.5,10.8,11,11,11.2,11.3,11.4,11.4,11.4,11.3,11.2,11.1,10.9,10.9,10.9,10.9,11,11.1,11.2,11.2,11.4,11.5
Spain,,,,,,,,,,,,,,,,,,,,,,,,,,,,,,,,,,,,,,43.2,45.2,46.2,47.7,48.8,50.5,51.5,51.3,53.1,55.5,54.3,54.7,55.9,58,58.4,59.9,59.9,62.3,64.1,65.3,66.6,67.3,68.4,67.3,67.7,69.2,68,67.9,67,66.6
Estonia,,,,,,,,,,,,,,,,14.3,14.3,12.5,12.9,15.5,18.4,19.6,24.7,21.6,22.3,25.9,25.6,26.1,28.6,29.2,31.8,33.9,37.2,36.9,38.3,40.6,39.1,37.3,38.7,39.2,41.7,43.8,41.8,36.2,36.8,39.5,38.5,38.9,42.2,43.4,43.8,46.4,47.5,50,54.2,53,55.1,52.5,54.6,54.8,51.9,55.5,53.9,53.4,52,51.3,50.6
Ethiopia,,,,,,,,,,,,,,,,,,,,,,,,,,,,,,,,,,,,,,8.07,7.9,7.8,7.64,7.42,7.25,7.02,6.88,6.81,6.7,6.53,6.41,6.4,6.38,6.4,6.46,6.48,6.53,6.6,6.69,6.8,6.9,6.96,7.18,7.36,7.55,7.7,7.89,8.14,8.36
Finland,11.5,10.2,9.9,10.4,10.6,11.3,12.3,12.1,11.6,12.2,14.9,14.9,15.1,14.8,14.7,14.8,16.9,17.1,16.8,19,17.1,18.4,20.5,20.3,22.4,23,23.6,23.9,24.2,26.5,27.9,26.6,27.8,28.1,29.2,29.4,28.5,31,31.2,32.1,32.6,32.2,33.1,32.8,33,33.4,33.7,33.5,33.5,33.6,34.5,35.2,35.4,35,36.1,36.3,36.5,37,36.6,36.4,37.1,37.1,36.8,37.7,38,37.7,37.5
Fiji,,,,,,,,,,,,,,,,,,,,,,,,,,,,,,,,,,,,,,11.2,11.2,11.3,11.3,11.4,11.5,11.6,11.4,11,11.5,11.8,11.7,11.5,11.6,11.6,11.9,12.4,12.9,12.8,12.6,13.2,13.8,14.2,14.3,14.5,14.8,15,15.3,15.5,15.7
France,,,,,,,,,,,,,,,,,,,,,,,,,,,,,,,,,,,,,,51.1,51.7,52.3,52.8,52.1,52.1,52.2,51.8,53.2,53.4,52.5,53.2,54,54.8,52.4,52.9,51.7,51.5,51.4,52,51.6,50.9,50.3,49.8,48.6,50.5,48.5,48.9,48.6,48.9
"Micronesia, Fed. Sts.",,,,,,,,,,,,,,,,,,,,,,,,,,,,,,,,,,,,,,12.5,12.7,12.9,13.1,13.2,13.4,13.5,13.6,13.6,13.6,13.7,13.9,14,14.2,14.4,14.6,14.7,14.8,14.8,14.9,14.9,15,15.1,15.2,15.3,15.6,15.7,16,16.2,16.4
Gabon,,,,,,,,,,,,,,,,,,,,,,,,,,,,,,,,,,,,,,18.6,18.6,18.7,18.6,18.9,19.4,19.5,19.3,19.1,18.8,19,19,18.7,18.8,18.8,19,19.1,19.3,19.6,19.6,19.5,19.6,19.8,19.9,19.9,20.2,20.4,20.7,21.1,21.4
UK,,,,,,,,,,,,,,,,,,,,,,,,,,,,,,,,,,,,,,51.6,52,52.3,53.9,52.6,53.4,53,52.1,52.6,53.1,51.6,51.5,51.8,52.6,51.6,50.9,51.8,51.5,52.3,51.5,50.9,49.9,49.4,50.5,49.7,50.5,50.7,50.8,52,52.1
Georgia,,,,,,,,,,,,,,,,,,,,,,,,,,,,,,,,,,,,,,19.4,19.4,19,17.5,16.1,14.4,13.1,13.3,13.8,14.2,15,15.9,16.9,17.9,19.4,19.3,19.3,19.6,20.4,21,21.9,22.9,23.3,22.7,22.6,23.8,24.6,25,25.3,25.4
Ghana,,,,,,,,,,,,,,,,,,,,,,,,,,,,,,,,,,,,,,6.66,6.74,6.89,7.07,7.1,7.03,7.09,7.32,7.48,7.6,7.74,8.01,8.26,8.41,8.66,8.97,9.23,9.43,9.61,9.74,9.99,10.4,10.6,10.7,10.7,10.8,11.1,11.4,11.6,11.7
Guinea,,,,,,,,,,,,,,,,,,,,,,,,,,,,,,,,,,,,,,5.89,5.9,5.96,6.05,6.17,6.27,6.39,6.53,6.71,6.84,6.89,6.98,7.13,7.2,7.31,7.43,7.58,7.66,7.72,7.84,7.97,8.02,8.09,8.15,8.24,8.27,8.29,8.34,8.42,8.38
Gambia,,,,,,,,,,,,,,,,,,,,,,,,,,,,,,,,,,,,,,4.87,4.97,5.12,5.07,5.14,5.54,5.39,5.52,5.71,6.02,5.81,5.76,5.88,5.99,6.38,6.53,6.48,6.47,6.31,6.42,6.4,6.08,6.15,6.28,6.57,6.46,6.73,7.04,7.1,7.2
Guinea-Bissau,,,,,,,,,,,,,,,,,,,,,,,,,,,,,,,,,,,,,,11.2,11.2,11.3,11.3,11.3,11.3,11.3,11.3,11.1,11,10.9,10.8,10.9,10.9,11,11,11,11,11,11.1,11.1,11.2,11.1,11.1,11,11,11,11,11,11
Equatorial Guinea,,,,,,,,,,,,,,,,,,,,,,,,,,,,,,,,,,,,,,8.11,8.07,8.06,8.07,8.1,8.25,8.48,8.84,9.17,9.48,9.88,10.4,10.8,11.3,12.1,12.8,13.4,13.9,14.5,15,15.3,16.3,17,17.3,17.5,17.7,18.1,18.5,18.8,18.7
Greece,,,,,,,,,,,,,,,,,,,,,,,,,,,,,,,,,,,,,,26.9,28.5,30.4,30.9,31.9,32.9,33.6,34,34.9,37,37.2,37.5,36.9,38,38.9,38.4,37.2,38.9,37.9,38.7,37.6,38.9,39.9,38.4,38.7,39.5,39.1,39,39.5,40.2
Grenada,,,,,,,,,,,,,,,,,,,,,,,,,,,,,,,,,,,,,,20.1,20.5,21.1,20.9,21,21.3,21.5,21.6,22,25.2,26.4,27.4,28.4,29.1,30.2,30.5,31,31.4,31.5,31.6,31.8,30.5,25.8,26,26.8,27.3,29.5,31,30.7,30.8
Greenland,,,,,,,,,,,,,,,,,,,,,,,,,,,,,,,,,,,,,,37.3,37.6,38,39.1,40.5,41.6,42,42.3,43.1,44.1,45.4,46,46.2,46.5,47,47.7,48.6,49.4,49.5,49.8,50.6,50.5,50.2,50.5,50,49.2,49.4,49.5,49.7,50
Guatemala,,,,,,,,,,,,,,,,,,,,,,,,,,,,,,,,,,,,,,4.98,5.34,5.67,6.18,6.51,6.2,6.13,6.77,7.79,8.05,8.62,9.34,9.63,9.66,10.2,10.6,10.9,10.7,10.7,11.1,11.4,11.8,11.9,12,12,12.1,12.1,11.9,12,12.1
Guam,,,,,,,,,,,,,,,,,,,,,,,,,,,,,,,,,,,,,,28.4,28.1,27.8,28.2,29.5,26.6,23.1,23.1,23.6,23.5,25,25.1,24.7,22.9,23.3,23.5,23.7,23.9,24.1,24.6,25,24.9,25.3,26.1,26.7,27,28,28,28.2,28.4
Guyana,,,,,,,,,,,,,,,,,,,,,,,,,,,,,,,,,,,,,,15.7,15.1,15,15.8,15.6,16.4,17.6,17.6,17.3,17.6,18.9,18.4,18.5,18,17.9,17.4,17,17.1,17.3,17.4,17.7,17.8,18.1,18.4,19.1,19.1,19.5,19.9,20.3,20.5
"Hong Kong, China",,,,,,,,,,,,,,,,,,,,,,,,,,,,,,,33.8,35.2,35.9,37.5,35.3,34.5,34.7,35.5,35.3,36.5,35.8,38.3,39.2,40.9,38.9,,,,,,,,,,,,,,,,,,,,,,
Honduras,,,,,,,,,,,,,,,,,,,,,,,,,,,,,,,,,,,,,,4.59,4.64,4.74,4.83,4.93,5.05,5.1,5.16,5.25,5.37,5.51,5.62,5.74,5.86,5.98,6.04,6.12,6.2,6.36,6.6,6.92,7.42,8.27,8.35,8.42,8.48,8.54,8.6,8.72,8.85
Croatia,,,,,,,,,,,,,,,,,,,,,,,,,,,,,,,,,,,,,,44.1,44.2,45.8,47.1,47.3,47.7,50.1,53.1,53.7,54.3,51.2,50.9,53.7,58.7,58.4,62.6,62.4,64.8,69.2,69,68.1,69,71.1,68.7,70.7,73.5,70.8,70.4,69.6,69.6
Haiti,,,,,,,,,,,,,,,,,,,,,,,,,,,,,,,,,,,,,,9.75,9.54,9.47,9.38,9.14,9.12,8.94,8.93,8.78,8.84,8.91,8.99,9.02,9.12,9.21,9.3,9.38,9.49,9.56,9.63,9.69,9.85,9.96,10.1,10.2,10.3,10.4,10.4,10.5,10.6
Hungary,,,,,,,,,,,,,,,,,,,,,,,,,,,,,,,,,,,,,,54.3,54.6,59.4,61.4,62.8,64.6,64.4,66.5,70.7,73.3,71.8,71.4,72.7,74.3,74.2,76.2,75.3,76,74.6,75.9,75.2,74.5,74.3,71.9,73.3,75,74.5,75.1,76.3,73.6
Indonesia,,,,,,,,,,,,,,,,,,,,,,,,,,,,,,,,,,,,,,9.32,9.64,10,10.3,10.7,11,11.4,11.8,12,12.3,12.7,13,13.4,13.8,14.2,14.7,15.2,15.7,16.1,16.6,17,17.5,18,18.3,18.6,18.9,19.3,19.8,20.3,20.7
India,,,,,,,,,,,,,,,,,,,,,,,,,,,,,,,,,,,,,,5.57,5.59,5.51,5.64,5.77,5.76,5.96,6.38,6.45,6.29,6.38,6.54,6.6,6.57,6.35,6.57,6.7,6.81,6.96,6.95,6.93,6.98,7.14,7.45,7.59,7.69,7.86,7.96,8.27,8.48
Ireland,,,,,,,,,,,,,,,,,,,,,,,,,,,,,,,,,,,,,,53.5,54.2,54.4,56.7,54.9,56.6,55.8,56,57.2,58.4,58.2,56.8,58.7,57.1,59.5,58.3,58.6,59.1,58.9,62.5,56.3,58.6,58.1,57.6,56.9,56.3,56,56.6,56.6,57
Iran,,,,,,,,,,,,,,,,,,,,,,,,,,,,,,,,,,,,,,9.29,9.36,9.37,9.6,9.54,9.66,9.95,9.89,9.83,9.58,10,10.6,10.7,10.8,11,11.5,11.9,11.9,12.1,12.4,12.7,13.1,13.4,13.8,14.5,15.3,15.8,16,16.4,16.8
Iraq,,,,,,,,,,,,,,,,,,,,,,,,,,,,,,,,,,,,,,9.06,8.89,8.8,8.64,8.42,8.36,8.33,8.27,8.26,8.33,8.47,8.69,8.85,8.87,9.01,9.15,9.38,9.7,10.1,10.4,10.7,11.1,11.4,11.5,11.6,11.8,12.1,12.3,12.9,13.5
Iceland,,,,,,13.1,19.6,17.8,10.4,12.1,15.4,23.4,23.6,18.6,14.2,19.3,17.1,21.9,19.9,24.2,15.5,27.6,18.8,26.3,21.6,27.1,24.7,33,33.4,29.7,33.2,37.8,32.3,33.7,34.6,38.9,39.7,32.5,32.7,32.9,33.2,34.5,36.3,37.7,38.9,40.1,39.8,39.5,40.4,41.5,40.7,40.5,41.1,42.5,43.1,43,43.6,43,42.6,42.9,42,39.5,39.9,39.9,39.7,39.9,40.3
Israel,,,,,,,,,,,,,,,,,,,,,,,,,,,,,,,,,,,,,,34.3,38,41.2,41.4,43.4,45.3,45.2,46.5,48.4,47,48.7,47,46.6,46,45.4,45.6,44.2,45,44.3,42.1,41.7,40.6,39.9,39.1,37.3,38.2,37,37.4,38.4,38.8
Italy,,,,,,,,,,,,,,,,,,,,,,,,,,,,,,,,,,,,,,46.9,48.4,49.2,50.1,52.1,52.8,53.3,54.9,57.4,58.2,57.9,59.2,60.1,63.4,62.1,62.5,62,61.5,61.5,60.7,59,58.6,57.9,56.5,55,56.6,54.7,54.5,54.7,54.6
Jamaica,,,,,,,,,,,,,,,,,,,,,,,,,,,,,,,,,,,,,,14.4,13.1,14.1,15.4,15.8,16.1,17.7,19.1,21,22,21.4,23.1,22.5,21.6,20.1,18.7,19.9,24.5,29.4,32.2,26.3,30.4,26.5,26.7,28.9,29,28.7,28.6,28.7,28.6
Jordan,,,,,,,,,,,,,,,,,,,,,,,,,,,,,,,,,,,,,,14.5,14.2,14.3,14.6,14.9,15.1,15,15.1,15.2,15.3,15,14.9,15.1,15,15.5,16.5,17.3,18.3,18.8,19.6,20.7,21.2,21.4,21.3,21.4,21.6,21.8,21.9,22.3,22.5
Japan,,,,,,,,,,,,,,,,,,,,,,,,,,,,,,,,,,,,,,55.1,57.2,59.9,61.5,61.4,63,62,61.6,63.7,64.4,62.3,61.6,61,62.7,62.2,63.3,61.9,62.2,62.3,62.9,63.9,64.7,64.3,64.5,64.3,64.1,64.1,62.8,62.5,62.4
Kazakhstan,,,,,,,,,,,,,,,,,,,,,,,,,,,,,,,,,,,,,,23.9,22.6,22.2,22.8,23,23.2,22.8,22.1,20.8,20.3,20.5,20.7,21,21.7,21.7,22,22.5,23,23,23.2,24,24.6,25,24.5,24.5,24.8,25.3,25.2,25.5,24.5
Kenya,,,,,,,,,,,,,,,,,,,,,,,,,,,,,,,,,,,,,,4.76,4.9,5.03,5.12,5.17,5.25,5.37,5.48,5.63,5.73,5.92,6.09,6.47,6.82,7.08,7.32,7.55,7.74,7.91,8.12,8.41,8.38,8.34,8.27,8.23,8.25,8.3,8.38,8.53,8.67
Kyrgyz Republic,,,,,,,,,,,,,,,,,,,,,,,,,,,,,,,,,,,,,,15.9,15.6,15.9,16.8,16.9,15.8,14.7,13.9,13.1,12.2,12.1,11.8,11.8,11.7,11.6,11.7,11.8,11.8,11.3,10.9,10.7,10.9,11,11.1,11.3,11.5,11.3,11.7,11.4,11.5
Cambodia,,,,,,,,,,,,,,,,,,,,,,,,,,,,,,,,,,,,,,10.5,10.6,10.7,10.8,11,11.2,11.3,11.5,11.7,11.9,12.1,12.5,12.8,13.2,13.6,14,14.4,14.8,15.2,15.6,16,16.4,16.8,17.2,17.6,18,18.5,19,19.6,20.1
Kiribati,,,,,,,,,,,,,,,,,,,,,,,,,,,,,,,,,,,,,,15.3,15.3,15.5,15.5,15.4,15.3,15.4,15.5,15.5,15.7,15.7,15.7,15.6,15.6,15.5,15.4,15.4,15.4,15.4,15.2,15.1,15,14.9,14.8,14.7,14.8,15,15.2,15.4,15.6
St. Kitts and Nevis,,,,,,,,,,,,,,,,,,,,,,,,,,,,,,,,,,,,,,28,28.1,27.9,27.5,28.1,28.8,29.3,29.4,29.6,29.6,29.6,29.6,29.5,29.6,31,31.5,32.2,32.7,29.2,29.1,29.7,30.2,31,31.3,31.9,32.6,33,33.8,34.9,38.7
South Korea,,,,,,,,,,,,,,,,,,,,,,,,,,,,,,,,,,,,,,22.1,24.8,26.9,29.6,32.6,33.8,35.2,35.8,36.4,37.2,38,38.9,41.1,43.8,46.4,47.8,49.4,51.2,53.3,54.8,56,55.6,55,53.5,52.5,51.2,50,50,49.8,50.5
Kuwait,,,,,,,,,,,,,,,,,,,,,,,,,,,,,,,,,,,,,,9.35,8.19,7.26,8.11,8.7,9.21,9.48,11.7,11.6,13.4,13.4,12.5,13.3,13.2,13.8,15.3,17,17.2,20.5,19.4,16.9,16.7,17.8,18.7,18.8,19.9,20.6,21.2,21.6,22.1
Lao,,,,,,,,,,,,,,,,,,,,,,,,,,,,,,,,,,,,,,11.1,11.2,11.3,11.4,11.5,11.7,11.7,11.8,12,12.1,12.2,12.5,12.5,12.7,12.8,12.9,13.1,13.3,13.5,13.7,13.8,13.9,14.1,14.3,14.6,14.9,15.2,15.5,16,16.4
Lebanon,,,,,,,,,,,,,,,,,,,,,,,,,,,,,,,,,,,,,,16.2,16,16,16.1,15.9,15.9,16.1,16.3,16.6,17.3,17.9,18.8,19.9,20.9,22,23.2,24.6,25.9,27.4,29.2,30.9,32.6,34.2,35.4,36.2,36.6,36.8,36.9,37.1,37.2
Liberia,,,,,,,,,,,,,,,,,,,,,,,,,,,,,,,,,,,,,,7.41,7.37,7.21,7.01,6.77,6.35,6.15,5.83,5.68,5.56,5.7,5.78,5.97,5.99,6.03,6.11,6.31,6.49,6.63,6.84,7.05,7.19,7.34,7.37,7.21,7.18,7.07,7.02,7.1,7.16
Libya,,,,,,,,,,,,,,,,,,,,,,,,,,,,,,,,,,,,,,13.6,13.8,13.9,14,14,14,14,14.6,15.3,15.7,16,16.4,16.9,17,16.1,16.3,16.8,18.3,18.9,19.1,19.1,18.9,18.9,18.7,18.5,18.1,17.9,17.7,17.8,18
St. Lucia,,,,,,,,,,,,,,,,,,,,,,,,,,,,,,,,,,,,,,15.7,15.7,15.7,15.7,15.7,15.9,16.2,16.2,15.7,15.7,16,16.4,16.8,16.9,17,16.4,16.2,16.5,16.8,16.6,16.3,16.1,16.4,17.2,17.9,18.1,19.5,19.9,20.3,20.5
Sri Lanka,,,,,,,,,,,,,,,,,,,,,,,,,,,,,,,,,,,,,,5.82,5.54,5.55,5.47,5.8,6.19,6.47,6.98,6.82,6.85,6.88,6.8,6.92,7.26,7.41,7.71,8.01,8.32,8.83,8.79,9.17,9.67,10,9.95,10.3,10.3,10.5,10.6,10.5,10.7
Lesotho,,,,,,,,,,,,,,,,,,,,,,,,,,,,,,,,,,,,,,7.94,8.03,8.2,8.38,8.68,8.97,9.3,9.66,9.9,10.2,10.4,10.8,11.1,11.4,11.8,12.1,12.4,12.6,12.7,12.8,13.1,13.3,13.7,14,14.3,14.5,14.5,14.5,14.7,14.8
Lithuania,,,,,,,,,,,,,,,,,,,,,,,,,,,,,,,,,,,,,,30.9,32.3,32.3,36.1,37,36.4,35.1,34.1,35.2,35.5,36.8,39.4,39,38.9,39.1,42.1,43.4,45.6,44.6,42.6,44.2,43.8,44.2,45.3,44.2,45.1,45.1,40.8,41.4,40.6
Luxembourg,,,,,,,,,,,,,,,,,,,,,,,,,,,,,,,,,,,,,,55.2,55.9,55.5,56.8,58.6,60.4,60.5,60.3,62.2,60.9,62,61,63,64.6,66,63.4,62.2,60.3,59,57.8,56.4,54.4,53.3,51.8,49.9,47.3,45.2,45.4,45.3,45.3
Latvia,,,,,,,,,,,,,,,,,,,,,,,,,,,,,,,,,,,,,,30.3,30.9,31.9,35.7,38.9,35.7,30.7,30.2,32.2,31.7,31.9,34.3,35.2,34.9,35.7,39,41.4,42.8,41.6,40.6,40.8,40,40.7,41,41.1,40,37.4,37.2,37.4,37.5
Morocco,,,,,,,,,,,,,,,,,,,,,,,,,,,,,,,,,,,,,,6.72,6.84,7.11,7.31,7.24,7.25,7.27,7.33,7.41,7.52,7.28,7.18,7.09,7.31,7.37,7.48,7.63,7.78,7.92,8.07,8.24,8.41,8.65,9.65,9.87,10.1,10.4,10.7,11.1,11.4
Monaco,,,,,,,,,,,,,,,,,,,,,,,,,,,,,,,,,,,,,,57.5,58,58.7,59.4,60.2,60.9,61.8,63.2,65.1,67.3,69.2,70.6,71.8,73.3,74.3,75,75.4,76,76.7,77.3,77.5,77.3,77.5,78.1,78.5,78.5,78.4,78.1,77.8,77.5
Moldova,,,,,,,,,,,,,,,,,,,,,,,,,,,,,,,,,,,,,,29.7,30.6,28.5,28.3,31.6,31.1,27.6,24.1,22.8,23.7,24.1,24.1,25.3,26.5,28.6,32.3,33,34.9,36.4,38.4,40.9,38,39.3,38.9,42.1,45.4,45,42.1,41.2,40.3
Madagascar,,,,,,,,,,,,,,,,,,,,,,,,,,,,,,,,,,,,,,7.17,7.09,6.98,7.15,6.89,7.18,7.23,7.22,7.34,7.26,7.21,7.26,7.4,7.59,7.62,7.66,7.55,7.37,7.41,7.43,7.41,7.39,7.38,7.37,7.36,7.37,7.4,7.46,7.57,7.63
Maldives,,,,,,,,,,,,,,,,,,,,,,,,,,,,,,,,,,,,,,8.47,8.76,9.02,9.22,9.33,9.45,9.66,9.65,9.52,9.23,9.3,9.4,9.45,9.39,9.29,9.13,9.2,9.39,9.74,10.1,10.4,10.6,10.7,10.9,11.1,11.3,11.5,11.8,12.2,12.5
Mexico,,,,,,,,,,,,,,,,,,,,,,,,,,,,,,,,,,,,,,7.68,7.69,7.66,7.91,8.49,8.84,9.16,9.51,9.95,10.1,10.2,10.2,10.6,10.9,11,11.6,11.6,11.7,12.6,13,13.1,13.1,13.5,14.4,14.7,15,15.4,16.4,16.7,17.2
Marshall Islands,,,,,,,,,,,,,,,,,,,,,,,,,,,,,,,,,,,,,,12.4,12.6,12.8,12.6,11.4,11.6,11.6,11.7,11.6,11.6,11.6,11.8,11.9,12.1,12.2,12.3,12.5,12.6,12.7,12.8,12.9,13.1,13.2,13.3,13.3,13.4,13.5,13.7,13.8,13.9
North Macedonia,,,,,,,,,,,,,,,,,,,,,,,,,,,,,,,,,,,,,,22.2,22.4,23.9,24.6,25.1,26.3,27.3,28.1,29.9,31.7,32.9,35,37.4,37.9,37.5,38.1,39.7,40.7,40.5,41.9,42,41.3,41.2,41.4,42,42,42.7,42.9,42.9,43.1
Mali,,,,,,,,,,,,,,,,,,,,,,,,,,,,,,,,,,,,,,7.89,7.84,7.89,7.97,8.04,8.08,8.07,8.02,7.95,7.86,7.88,7.92,8.08,8.2,8.36,8.51,8.62,8.78,8.86,8.98,9.06,9.06,9.05,9.08,9.1,9.25,9.49,9.69,9.75,9.75
Malta,,,,,,,,,,,,,,,,,,,,,,,,,,,,,,,,,,,,,,33,32.6,32.7,33.6,33.7,34.5,34.9,36.2,36.4,36.9,37,37.9,38.9,39.1,39.4,40.3,40.2,41.6,42.5,42,42.2,41.9,41.9,41.5,41.1,39.2,39.7,40,40.3,40.6
Myanmar,,,,,,,,,,,,,,,,,,,,,,,,,,,,,,,,,,,,,,9.68,9.74,9.82,9.91,10,10.2,10.3,10.5,10.7,10.8,11.1,11.5,11.9,12.2,12.7,13,13.4,13.7,13.9,14.3,14.5,14.9,15.1,15.5,15.8,16.1,16.5,16.9,17.3,17.7
Montenegro,,,,,,,,,,,,,,,,,,,,,,,,,,,,,,,,,,,,,,28.5,27.5,27.1,27.6,27.4,26.9,26.9,27.7,27.8,27.4,27.2,28.2,29.3,30.7,31.8,32.7,33.3,33.5,33.9,34.4,34.7,35.5,35.6,36.7,37.6,38.6,39.9,40.7,40.3,40.5
Mongolia,,,,,,,,,,,,,,,,,,,,,,,,,,,,,,,,,,,,,,10.8,11.1,11.3,11.3,11.5,11.9,12.2,12,12,11.9,11.8,12,12,11.9,11.7,11.6,11.5,11.4,11.4,11.6,11.8,11.9,11.8,11.8,11.8,11.9,12.4,12.7,13.1,13.7
Northern Mariana Islands,,,,,,,,,,,,,,,,,,,,,,,,,,,,,,,,,,,,,,28.1,28.7,29.3,29.9,30.4,30.8,31.2,31.8,32.7,29.7,31,31.7,32.4,33,33.5,33.7,34.3,35,35.5,35.8,36,36,36.2,36.2,36.4,36.9,38.9,38.9,39.2,39.3
Mozambique,,,,,,,,,,,,,,,,,,,,,,,,,,,,,,,,,,,,,,5.11,5.13,5.17,5.25,5.29,5.32,5.43,5.62,5.85,6.08,6.35,6.46,6.74,6.97,7.31,7.67,8.01,8.27,8.63,8.92,9.25,9.57,9.82,10,10.1,10.2,10.3,10.4,10.5,10.5
Mauritania,,,,,,,,,,,,,,,,,,,,,,,,,,,,,,,,,,,,,,9.54,9.36,9.3,9.27,9.04,8.78,8.68,8.5,8.38,7.99,7.83,7.78,7.67,7.52,7.63,7.61,7.78,7.69,7.65,7.88,7.9,8.03,8.28,8.41,8.27,8.34,8.3,8.52,8.54,8.6
Mauritius,,,,,,,,,,,,,,,,,,,,,,,,,,,,,,,,,,,,,,11.4,11.9,12.1,13.5,14.3,15,15.3,17.2,16.6,17.4,16.7,17.6,18.8,19.2,19.9,20.4,20.7,20.3,21.1,21.9,21,21.2,21.2,21.8,22.3,22.8,23.2,23,23.4,23.6
Malawi,,,,,,,,,,,,,,,,,,,,,,,,,,,,,,,,,,,,,,5.22,5.28,5.33,5.37,5.49,5.64,5.79,6.05,6.36,6.56,6.73,6.8,6.98,7.15,7.33,7.42,7.38,7.35,7.35,7.42,7.56,7.65,7.62,7.58,7.53,7.52,7.52,7.51,7.55,7.58
Malaysia,,,,,,,,,,,,,,,,,,,,,,,,,,,,,,,,,,,,,,18.8,18.9,19.2,19.6,20.8,22.4,22.7,22.5,21.8,24.2,23.3,23,23.3,24,23.8,23.3,23.3,23.4,24,24.2,23.6,23.7,24.1,23.8,24.9,25.9,27.5,28.8,30.2,32.3
Namibia,,,,,,,,,,,,,,,,,,,,,,,,,,,,,,,,,,,,,,6.29,6.31,6.42,6.48,6.66,6.83,6.99,7.15,7.34,7.61,7.96,8.15,8.42,8.82,9.03,9.14,9.15,9.22,9.37,9.61,9.78,9.78,9.94,10.2,10.5,10.8,11,11.2,11.4,11.5
Niger,,,,,,,,,,,,,,,,,,,,,,,,,,,,,,,,,,,,,,5.94,5.77,5.7,5.66,5.55,5.49,5.32,5.3,5.29,5.26,5.24,5.27,5.32,5.4,5.35,5.37,5.34,5.32,5.26,5.28,5.31,5.34,5.39,5.46,5.5,5.57,5.64,5.72,5.77,5.72
Nigeria,,,,,,,,,,,,,,,,,,,,,,,,,,,,,,,,,,,,,,6.2,6.22,6.26,6.31,6.32,6.28,6.25,6.25,6.27,6.29,6.29,6.36,6.59,6.77,7.02,7.29,7.53,7.69,7.84,8.03,8.27,8.59,8.85,8.93,8.86,8.8,8.76,8.76,8.78,8.76
Nicaragua,,,,,,,,,,,,,,,,,,,,,,,,,,,,,,,,,,,,,,7.56,8.17,8.01,8.05,8.26,8.6,8.91,8.54,8.43,8.94,9.02,9.63,10.4,11.3,11.8,12.8,12.4,13,13.8,14.2,14.4,15.2,15.8,15.9,16.1,15.9,16.8,16.8,17.2,17.5
Niue,,,,,,,,,,,,,,,,,,,,,,,,,,,,,,,,,,,,,,17,17.3,17.6,17.6,17.9,18.3,18.6,18.9,19.1,19.3,19.6,19.9,20,20.2,20.3,20.7,21.1,21.4,21.5,21.6,21.8,22.2,22.4,22.5,22.5,22.6,22.7,22.9,23.1,23.2
Netherlands,,,,,,,,,,,,,,,,,,,,,,,,,,,,,,,,,,,,,,52.4,53.2,53.9,56.9,55.7,56.1,58.4,58.2,58.8,59.3,58.2,57.9,57.2,54.5,59.2,59.6,61.7,62.9,65.7,66.3,67,65.6,66.7,66.2,64,65.3,64.9,64.7,64.6,64.4
Norway,15.6,16.8,14.9,16.5,14.8,16.5,16.5,17.6,17.2,18.2,18.4,18.4,19.2,19.4,21.1,22.8,21.2,23.1,23.3,23.6,24,26.9,26.4,29.6,32.3,34.1,33.6,36.5,37.1,38.2,41.3,39.5,43.6,43,42.3,43.7,45.3,47.6,47.4,49.9,50.8,50.9,52.6,51.4,52.7,55.6,55.4,57.8,57.5,59.5,59,59.3,58.6,59.2,59.4,61.8,62.6,61.5,63.8,61.6,62.5,60.5,59,58.3,55.1,54.6,54.6
Nepal,,,,,,,,,,,,,,,,,,,,,,,,,,,,,,,,,,,,,,3.34,3.33,3.32,3.38,3.41,3.45,3.44,3.49,3.51,3.52,3.56,3.54,3.52,3.53,3.61,3.69,3.78,3.87,3.97,4.1,4.23,4.44,4.65,4.84,4.99,5.13,5.26,5.4,5.56,5.7
Nauru,,,,,,,,,,,,,,,,,,,,,,,,,,,,,,,,,,,,,,22.6,22.7,22.6,22.4,22.1,22.1,22,21.9,21.5,21.2,20.8,20.6,20.4,20.1,19.8,19.5,19.4,19.1,19.2,19.3,19.5,19.8,20.3,20.9,21.7,22.3,23,23.7,24.2,24.6
New Zealand,,,,,,,,,,,,,,,,,,,,,,,,,,,,,,,51.8,55.9,55.2,57.3,59.7,64.5,63.2,66.3,66.6,70.6,70,67.8,70,68.9,67.8,65.5,67.5,64.5,63.9,60.7,64.2,63,63.3,61.7,63.7,62.6,61.9,60.6,60.3,60.3,60,60.3,59.5,61,60.6,63,63.1
Oman,,,,,,,,,,,,,,,,,,,,,,,,,,,,,,,,,,,,,,8.75,9.13,9.47,9.78,10.2,10.7,11.3,11.7,12.1,12.6,13.2,13.6,14.1,14.4,14.7,15.2,15.9,16.7,17.6,17.9,17.8,17.4,17.1,17.3,17.1,17.4,17.8,17.6,16.5,16.2
Pakistan,,,,,,,,,,,,,,,,,,,,,,,,,,,,,,,,,,,,,,5.99,6.15,6.31,6.45,6.67,6.99,7.19,7.54,7.81,8.18,8.62,8.75,8.83,8.89,8.99,9.15,9.24,9.29,9.38,9.47,9.55,9.51,9.58,9.79,9.91,9.93,10,10.1,10.2,10.3
Panama,,,,,,,,,,,,,,,,,,,,,,,,,,,,,,,,,,,,,,11.9,11.9,11.8,12.8,12.5,13.2,12.7,13.5,13.6,14.4,14.1,14.7,15.2,15.8,15.2,15.5,15.9,15.7,16.2,17.1,17.1,17,17.7,17.7,18.5,18.7,19,19.6,19.6,19.9
Peru,,,,,,,,,,,,,,,,,,,,,,,,,,,,,,,,,,,,,,11.1,9.94,10.7,11.1,10.9,11.2,11.4,12.2,13,13.7,14.8,15.2,16,17,17.2,17.1,17.1,17.1,17.7,19.8,20.6,21,21.1,21.3,21.2,21.3,21.7,22.1,22.6,22.9
Philippines,,,,,,,,,,,,,,,,,,,,,,,,,,,,,,,,,,,,,,16.4,16.5,16.9,17.4,17.9,18.3,18.9,19,18.9,17.8,17.5,17.5,17.6,17.3,17.2,17.3,17.2,17.4,18.2,18.6,19,19.6,20.5,21.3,21.8,22.1,22.3,22.5,22.8,23.1
Palau,,,,,,,,,,,,,,,,,,,,,,,,,,,,,,,,,,,,,,8.93,9.09,9.25,9.31,9.42,9.56,9.71,9.88,10,10.1,10.2,10.2,10.2,10.2,10.2,10.1,10.2,10.3,10.3,10.4,10.4,10.5,10.6,10.6,10.6,10.7,10.8,10.9,11.1,11.2
Papua New Guinea,,,,,,,,,,,,,,,,,,,,,,,,,,,,,,,,,,,,,,6.88,6.94,7.01,7.07,7.14,7.2,7.3,7.35,7.41,7.47,7.47,7.48,7.5,7.5,7.51,7.54,7.54,7.59,7.6,7.61,7.75,7.81,7.85,7.84,7.91,8.03,8.08,8.18,8.32,8.39
Poland,,,,,,,,,,,,,,,,,,,,,,,,,,,,,,,,,,,,,,29.6,31.6,31.8,31.5,32.5,34.3,34.6,36.5,37.9,40.3,39.8,40.8,41.4,42,43.2,43.4,44.2,45.1,45.7,46.1,46.2,46.3,47.2,47.2,46.3,48,47.5,47.6,47.8,48
Puerto Rico,,,,,,,,,,,,,,,,,,,,,,,,,,,,,,,,,,,,,,24.9,25.4,26,27.1,27.4,29.8,30.3,30.2,33.7,33.4,34.5,38.3,37.2,38,39.5,40.9,41,41.6,41.7,44.8,42.1,44.7,42.3,43,42.4,41.5,43,43.4,43.2,42.9
North Korea,,,,,,,,,,,,,,,,,,,,,,,,,,,,,,,,,,,,,,16.2,16.4,16.4,16.4,16.4,16.5,16.4,16.2,15.9,15.8,15.8,16,16.1,16.3,16.4,16.7,17.1,17.5,17.9,18.3,18.5,18.7,18.9,18.9,18.8,18.8,18.8,18.9,19.1,19.2
Portugal,,,,,,,,,,,,,,,,,,,,,,,,,,,,,,,,,,,,,,39.1,40.6,41.9,44.1,43.4,46.5,49.2,49.6,51.7,53.5,53.9,56.3,58.5,60.6,59.9,61.7,62.9,63.1,63.2,63.1,63.4,62.6,62.2,62.1,61.2,59.1,60.8,61.9,61.8,62.2
Paraguay,,,,,,,,,,,,,,,,,,,,,,,,,,,,,,,,,,,,,,7.2,7.04,7.59,7.77,8.1,8.56,9.32,9.7,10.4,11.1,11.2,11.5,11.9,12.6,13.4,13.7,14,14.3,14.6,15.4,15.9,15.8,16,16.6,16.8,17.6,18.8,19.1,19.4,19.8
Palestine,,,,,,,,,,,,,,,,,,,,,,,,,,,,,,,,,,,,,,19.4,19.2,19.1,19.1,19.3,19.5,19.7,19.9,19.8,19.7,20.1,20.6,20.9,20.7,20.7,21.1,21.4,21.2,21.5,22.3,23.5,24.8,25.1,25.9,28.1,29.6,30,30.4,31.4,32
French Polynesia,,,,,,,,,,,,,,,,,,,,,,,,,,,,,,,,,,,,,,,,,,,,,,,,,,14.9,,,,,,,,,,,,,,,,,
Qatar,,,,,,,,,,,,,,,,,,,,,,,,,,,,,,,,,,,,,,12.3,13.1,13.4,13.1,10.8,9.87,12.5,14.5,15.3,15.2,14.6,14.7,15.8,16.8,17.1,17.7,19.3,21.1,21.5,22.1,22.8,22.6,22.6,22.6,22.8,23.1,22.8,22.4,22.3,22
Romania,,,,,,,,,,,,,,,,,,,,,,,,,,,,,,,,,,,,,,20.5,21,22.9,23.9,25.5,27.8,30.2,31.2,29.6,27.4,27.1,29.4,30.9,31.7,32.2,33.1,33.9,34.8,37.1,39.3,41.1,39.9,42,41.8,44.6,45.7,47.5,48.4,48.8,49
Russia,,,,,,,,,,,,,,,,,,,,,,,,,,,,,,,,,,,,,,26.9,26.9,29,33.8,35.5,33.2,30.9,28.7,28.4,30.9,32.4,32.6,33.4,34.5,34.3,36.7,34.6,34,35.9,35.5,37.1,35.2,35.2,35.8,37.6,38,38.1,35.8,35.2,35.5
Rwanda,,,,,,,,,,,,,,,,,,,,,,,,,,,,,,,,,,,,,,10.1,10.3,10.5,10.5,10.6,10.7,10.6,10.6,10.5,10.2,9.9,9.48,9.38,9.24,9.19,9.09,9.01,9.03,9.07,9.04,9.12,9.18,9.33,9.4,9.55,9.72,9.84,10,10.3,10.6
Saudi Arabia,,,,,,,,,,,,,,,,,,,,,,,,,,,,,,,,,,,,,,6.81,7.21,7.49,7.73,8.08,8.53,9.04,9.43,9.72,10.1,10.6,11,11.4,11.8,12,12.3,12.7,13.1,13.6,14,14.5,14.7,15,15.3,15.7,15.8,16.2,16.4,16.6,16.8
Serbia and Montenegro,,,,,,,,,,,,,,,,,,,,,,,,,,,,,,,,,,,,,,,,,,,,,,,,,,28.2,,,,,,,,,,,,,,,,,
Sudan,,,,,,,,,,,,,,,,,,,,,,,,,,,,,,,,,,,,,,5.29,5.39,5.45,5.48,5.53,5.58,5.63,5.68,5.72,5.75,5.84,5.97,6.12,6.23,6.36,6.5,6.63,6.75,6.88,7.03,7.22,7.45,7.63,7.83,8.03,8.21,8.38,8.58,8.84,9.06
Senegal,,,,,,,,,,,,,,,,,,,,,,,,,,,,,,,,,,,,,,8.89,8.92,8.86,8.81,8.8,8.53,8.27,8.17,8.11,8.05,7.84,8.97,9.05,8.74,9.03,9.08,9.01,9.05,9.19,9.44,8.94,9.11,9.07,9.26,9.47,9.53,9.72,9.73,9.74,9.93
Singapore,,,,,,,,,,,,,,,,,,,,,,,,,,,,,,,,,,,,,,51.8,54.8,53.9,54.8,57.6,58,59.5,57.9,58,54.9,54,54.7,55.6,54.2,51.8,52.3,50.5,52.5,53.4,52.5,52.7,52.4,50.6,50.8,49.6,49,48.4,46.9,47.5,46.9
Solomon Islands,,,,,,,,,,,,,,,,,,,,,,,,,,,,,,,,,,,,,,9.73,9.86,10,10.1,10.3,10.5,10.7,10.9,11.1,11.2,11.3,11.4,11.3,11.3,11.2,11.3,11.3,11.3,11.1,11.3,11.3,11.7,11.9,12.2,12.4,12.6,12.6,12.7,12.9,13
Sierra Leone,,,,,,,,,,,,,,,,,,,,,,,,,,,,,,,,,,,,,,7.19,7.11,7.03,6.95,6.84,6.81,6.73,6.7,6.55,6.34,6.22,6.21,6.32,6.47,6.6,6.73,6.76,6.79,6.74,6.77,6.86,6.91,7.01,7.12,7.15,7.2,7.17,7.25,7.36,7.37
El Salvador,,,,,,,,,,,,,,,,,,,,,,,,,,,,,,,,,,,,,,5.49,5.73,6.14,6.63,7.1,7.5,7.57,8.61,10.2,10,10.9,10.9,10.7,11.3,11.9,12.2,12.8,12.7,12.4,13.1,12.3,13,12.2,12.8,14.6,14.8,15,15.1,15.2,15.6
San Marino,,,,,,,,,,,,,,,,,,,,,,,,,,,,,,,,,,,,,,55.8,55.7,55.7,56.1,56.8,56.3,56.6,56.9,57.2,57.8,58.1,57.9,58.1,58.3,59.4,59.8,60.4,61.1,62,62.6,63,63.1,63.4,63.7,64.2,64.3,64.3,64,63.6,63.3
Somalia,,,,,,,,,,,,,,,,,,,,,,,,,,,,,,,,,,,,,,6.24,6.21,6.17,6.1,6.04,6,5.98,5.95,5.93,5.88,5.85,5.82,5.86,5.9,5.93,5.94,5.91,5.96,6.01,6.04,6.04,6.03,5.99,5.97,5.96,5.95,5.92,5.89,5.86,5.81
Serbia,,,,,,,,,,,,,,,,,,,,,,,,,,,,,,,,,,,,,,34.3,34.5,36,36.4,36.9,37.6,39.1,41.4,39.8,40.1,42.6,42.8,44.6,46.6,49.2,51.2,52.3,53.7,56.2,57.8,58.5,59,59.5,60.7,62.1,63.9,61.6,61.4,61.5,61.9
South Sudan,,,,,,,,,,,,,,,,,,,,,,,,,,,,,,,,,,,,,,10.9,10.9,10.8,10.8,10.7,10.7,10.6,10.4,10.4,10.4,10.3,10.1,10.1,10.2,10.3,10.4,10.5,10.6,10.6,10.6,10.7,10.7,10.7,10.7,10.7,10.6,10.6,10.6,10.7,10.7
Sao Tome and Principe,,,,,,,,,,,,,,,,,,,,,,,,,,,,,,,,,,,,,,14.8,14.8,14.9,14.8,14.8,15.1,15.6,16,16.6,16.8,16.7,17,17.3,17.5,18,18.1,18.8,19.1,19.3,19.8,20.3,20.7,21.4,22,22.8,23.3,23.7,24.3,24.8,25.2
Suriname,,,,,,,,,,,,,,,,,,,,,,,,,,,,,,,,,,,,,,15.5,16.4,17.2,18.8,17.8,14.9,14.3,14.9,16.5,17.8,18.4,19.2,19.9,20.6,20.4,20.4,20,20.2,20.9,21.3,21.9,22,22,23.2,24.3,24.9,25.2,25.4,25.6,25.5
Slovak Republic,,,,,,,,,,,,,,,,20.9,21.9,21.2,19.8,22.6,23.9,27.9,26.2,28.3,29.7,30.3,31.9,33.2,35.4,37.8,41.7,41.9,44.2,46.9,49.8,53.4,53,51.1,51.9,53.5,54.2,55.3,58.1,59.2,62.6,66.1,66.9,66.9,65.6,64.8,62.7,60.4,63,63.4,66.5,70.6,72.6,74.8,76.7,78,78.2,78.8,80.7,77.4,77.9,77.2,77.5
Slovenia,,,,,,,,,,,13.3,13.6,14.4,14,18.9,18.1,17.6,17.7,16.4,21.2,20.2,17.7,22.5,24.1,24.1,27.2,27,26.5,31.4,28.1,30.7,32.7,32.8,34.3,37.6,39.3,40,42,43.5,44.4,45.6,46.8,48.5,49.9,52.5,53.9,53.7,54.4,57.9,58.9,62.1,59.7,56.7,60.9,61.9,62.8,62.5,62.5,59.7,59.7,58.3,53.7,57.6,56.3,56.7,56.7,56.7
Sweden,,,,,,25.1,24,24.2,23.6,23.5,24.3,26,26.3,26.6,25.8,25.4,27.3,26.7,27.8,27.2,28.1,28,30.2,30.8,30.9,30.9,32.5,32.6,33.5,33.7,33.9,35.9,36.9,36.5,36.6,37.2,37.7,38.1,40.2,40,41.5,40.6,42.2,42,43,43.8,44.7,44.1,45.4,45.7,46.2,48.2,46.9,46.9,47,46.8,46.4,45,44,42.7,42.1,41.5,42,40.9,41.2,41.6,41.7
Eswatini,,,,,,,,,,,,,,,,,,,,,,,,,,,,,,,,,,,,,,12.8,13.1,13.3,13.4,13.8,14.5,15.3,15.7,16.2,16.8,17.7,18.6,19.2,19.6,19.8,19.8,19.7,19.6,19.7,19.7,19.5,19.3,19.3,19.3,19.3,19.4,19.4,19.4,19.4,19.5
Seychelles,,,,,,,,,,,,,,,,,,,,,,,,,,,,,,,,,,,,,,21.7,22.8,24.4,26,28.2,29.9,31.4,32.2,32.6,32.8,31.9,32.1,34.1,36,36.2,37.6,37.8,37.4,37.3,37.5,35.9,34.7,35.7,35.9,35.7,36.5,37.8,38.8,40,41.2
Syria,,,,,,,,,,,,,,,,,,,,,,,,,,,,,,,,,,,,,,6.37,6.57,6.94,6.89,7.02,7.22,7.45,7.7,8.09,8.25,8,7.75,7.74,7.42,7.4,7.55,7.69,7.93,8.49,8.83,9.24,9.54,9.67,9.67,9.63,9.54,9.56,9.6,9.64,9.68
Chad,,,,,,,,,,,,,,,,,,,,,,,,,,,,,,,,,,,,,,5.87,5.91,6.04,6.16,6.23,6.31,6.52,6.64,6.67,6.67,6.63,6.65,6.69,6.75,6.84,6.9,6.98,7.09,7.22,7.31,7.45,7.55,7.63,7.64,7.66,7.67,7.67,7.67,7.72,7.68
Togo,,,,,,,,,,,,,,,,,,,,,,,,,,,,,,,,,,,,,,8.21,8.3,8.39,8.42,8.5,8.63,8.81,8.97,9.08,8.96,8.95,9,9.08,9.26,9.24,9.24,9.27,9.28,9.47,9.54,9.58,9.55,9.47,9.42,9.45,9.52,9.62,9.77,9.82,9.88
Thailand,,,,,,,,,,,,,,,,,,,,,,,,,,,,,,,,,,,,,,14.7,15.3,16,16.5,17.1,17.9,19.1,18.3,19.8,21.6,21.3,19.7,20.1,20.8,20.1,19.6,19.1,18.8,18.7,18.7,18.9,18.8,18.6,18.4,18.5,18.9,19.5,19.8,20.4,20.9
Tajikistan,,,,,,,,,,,,,,,,,,,,,,,,,,,,,,,,,,,,,,12.5,12.5,12.5,11.7,11.8,11.1,10.2,9.46,9.06,8.93,8.87,8.86,9.17,9.38,10.1,10.7,10.7,11.1,11.4,11.4,11.9,12.4,12.6,12.6,12.9,13.3,13.8,13.9,13.5,13.3
Tokelau,,,,,,,,,,,,,,,,,,,,,,,,,,,,,,,,,,,,,,8.9,8.97,9.04,9.09,9.14,9.21,9.3,9.4,9.49,9.59,9.7,9.81,9.92,10,10.1,10.3,10.4,10.6,10.8,10.9,11.1,11.2,11.3,11.5,11.5,11.7,11.8,11.9,12.1,12.2
Turkmenistan,,,,,,,,,,,,,,,,,,,,,,,,,,,,,,,,,,,,,,10.5,9.67,8.68,9.53,10.5,10.3,10.4,9.37,8.89,8.07,7.39,6.86,6.93,7.16,7.46,7.98,8.1,8.26,8.26,7.68,7.7,8.04,8.49,8.83,9.34,9.78,9.89,10,10.4,10.5
Timor-Leste,,,,,,,,,,,,,,,,,,,,,,,,,,,,,,,,,,,,,,6.64,6.66,6.8,6.95,7.01,7.01,6.95,6.89,7.21,7.3,7.3,7.45,7.65,7.89,8.15,8.55,9.01,9.58,10,10.7,11.1,11.9,12.6,13.2,13.4,13.7,13.8,14,14.1,14.2
Tonga,,,,,,,,,,,,,,,,,,,,,,,,,,,,,,,,,,,,,,5.73,5.79,5.87,6.02,6.13,6.13,6.26,6.48,6.97,7.54,7.65,7.48,7.63,7.82,7.65,7.17,7.14,7.15,7.15,7.17,7.24,7.38,7.45,7.43,7.42,7.44,7.49,7.55,7.63,7.69
Trinidad and Tobago,,,,,,,,,,,,,,,,,,,,,,,,,,,,,,,,,,,,,,19.5,19.1,19.9,20.1,20.9,20.2,21.8,20,20.4,21.2,20.3,21.5,21.4,23.3,23.7,24,22.4,23,25.3,23.8,23.7,22.6,21.3,21.7,22.1,22.4,23.1,23.3,23.5,23.8
Tunisia,,,,,,,,,,,,,,,,,,,,,,,,,,,,,,,,,,,,,,8.91,9.44,9.7,10,10.1,10.5,10.7,11.1,11.5,11.7,11.9,12.1,12.3,12.4,12.5,12.8,13,13.3,13.5,13.7,14,14.2,14.4,14.7,15,15.3,15.6,15.8,16.1,16.4
Turkey,,,,,,,,,,,,,,,,,,,,,,,,,,,,,,,,,,,,,,17.1,17,17,17,16.8,16.6,16.3,16.2,15.9,15.1,14.3,14.5,15.2,15.6,16,16.5,17.3,18.3,19.5,21.6,23,24.1,24.6,25.2,25.8,26,26.2,26.6,26.8,27.2
Tuvalu,,,,,,,,,,,,,,,,,,,,,,,,,,,,,,,,,,,,,,11.1,11.3,11.5,11.7,11.8,11.9,12,12.1,12.2,12.2,12.2,12.2,12.3,12.3,12.3,12.3,12.3,12.3,12.4,12.4,12.5,12.5,12.6,12.6,12.6,12.7,12.8,13,13.2,13.3
Taiwan,,,,,,,,,,,,,,,,,,,,,,,,,,,,,,,,,,,,,,28.3,29.7,31.5,33.3,36,38.4,41.7,44.6,46,45.2,46.3,46.5,44.6,48.3,52.4,56.3,58.6,61.8,67.5,69.6,72.3,77.9,77.4,76.8,78.1,76.4,78.3,78.8,79.7,80.3
Tanzania,,,,,,,,,,,,,,,,,,,,,,,,,,,,,,,,,,,,,,8.78,8.77,8.79,8.83,8.81,8.76,8.8,8.91,9.11,9.2,9.21,9.18,9.34,9.54,9.7,9.85,9.88,9.95,10,10.1,10.1,10.1,10.2,10.2,10.1,10.1,10.1,10.4,10.7,10.9
Uganda,,,,,,,,,,,,,,,,,,,,,,,,,,,,,,,,,,,,,,8.4,8.76,9.01,9.37,9.76,10.2,10.5,10.8,11.2,11.5,12,12.2,12.4,12.7,13,13.2,13.4,13.6,13.6,13.8,14,14.4,14.5,14.8,14.8,14.8,14.9,14.9,15.1,15.3
Ukraine,,,,,,,,,,,,,,,,,,,,,,,,,,,,,,,,,,,,,,36.1,37.7,39.1,39.2,40.1,42.5,41.3,39.5,37.3,38.8,39.9,38.3,38,36.7,36.9,36,34,35.7,37.2,34,33.8,33.5,34.3,34.5,32.1,41.4,39.9,40,41.5,41.7
Uruguay,,,,,,,,,,,,,,,,,,,,,,,,,,,,,,,,,,,,,,39.4,39.6,40.6,40.8,39.9,39.7,40.6,41.4,42.7,44.1,43.9,42.7,44.5,45,45.2,45.2,45.2,48.3,45.5,45.7,46.9,47.3,47.3,46.6,45,45.4,44.9,46.1,46.9,47.6
USA,,,,,,,,,,,,,,,,,,,,,,,,,,,,,,,,,,,,,,57.5,57.3,57.6,59.3,59.7,59.9,58.6,57.5,57.1,57.4,57.2,56.7,56.4,54.9,52.2,51.4,50.1,49.3,49.5,49.7,49.3,49.5,49.1,48.7,48,48,48.8,48.6,49.4,49.4
Uzbekistan,,,,,,,,,,,,,,,,,,,,,,,,,,,,,,,,,,,,,,9.96,9.87,9.91,10.5,10.9,11.1,11.4,11,10.8,10.8,11.3,11.4,11.6,11.7,11.5,11.9,11.7,11.5,11.6,11.4,11.6,12,12.4,12.7,13.1,13.5,13.8,13.9,14,13.9
St. Vincent and the Grenadines,,,,,,,,,,,,,,,,,,,,,,,,,,,,,,,,,,,,,,14.3,14.6,15,15.1,14.8,15.1,15.9,15.9,15.9,16.4,16.8,16.3,16.8,17,17.1,16.5,16.6,16.4,16.5,16.7,16.9,17.1,17.9,18.5,18.9,19.4,19.7,20,20.4,20.7
Venezuela,,,,,,,,,,,,,,,,,,,,,,,,,,,,,,,,,,,,,,10.5,11,11.8,12.5,13.1,13.8,13.6,13.5,14.5,14.7,15.6,16.5,16.9,17.5,16.1,16.5,18.4,20,20.7,20.2,18.1,18,18.8,18.4,17.4,17.5,18,18.5,19,20
Virgin Islands (U.S.),,,,,,,,,,,,,,,,,,,,,,,,,,,,,,,,,,,,,,27.2,28.2,29.1,30.2,31.7,31.4,32.3,32.6,32.8,34,34.4,35.2,36.5,37.9,39.3,40.4,43.2,53.2,55.2,56.7,58.2,59.2,59.8,59.4,58.9,59.1,57.8,56.8,56.3,56
Vietnam,,,,,,,,,,,,,,,,,,,,,,,,,,,,,,,,,,,,,,13,13.2,13.5,13.9,14.4,14.9,15.8,16.3,16.8,17.4,18.1,19,20,21.1,22.3,23.6,24.6,26,27.3,28.5,29.6,30.5,31.4,32.3,33.2,34.1,34.9,35.8,36.8,37.8
Vanuatu,,,,,,,,,,,,,,,,,,,,,,,,,,,,,,,,,,,,,,8.43,8.7,8.91,9.04,9.26,9.24,9.36,9.43,9.49,9.6,9.47,9.55,9.2,8.96,8.94,9.18,9.34,9.57,9.77,9.88,10,10.2,10.3,10.4,10.5,10.5,10.6,10.6,10.7,10.8
Samoa,,,,,,,,,,,,,,,,,,,,,,,,,,,,,,,,,,,,,,11.4,11.5,11.6,11.3,11.3,11.3,11.3,11.2,11.3,11.3,11.4,11.3,11.3,11.3,11.3,11.3,11.3,11.3,11.3,11.2,10.9,10.9,10.8,10.5,10.5,10.6,10.8,10.9,11.1,11.3
Yemen,,,,,,,,,,,,,,,,,,,,,,,,,,,,,,,,,,,,,,5.85,5.82,5.85,5.86,5.88,5.97,6.05,6.11,6.15,6.25,6.38,6.51,6.73,6.8,6.93,7.14,7.36,7.55,7.76,7.81,7.85,8,8.1,8.2,8.24,8.23,8.15,8.07,8.02,7.91
South Africa,,,,,,,,,,,,,,,,,,,,,,,,,,,,,,,,,,,,,,12.6,12.9,13.3,13.1,13.7,14.6,15.5,17.2,17,16.2,16.3,16,16,16.1,16,15.9,16.3,16.4,16.8,17,17.2,17.1,17.1,17.1,17.3,17.6,17.5,17.5,16.6,16.2
Zambia,,,,,,,,,,,,,,,,,,,,,,,,,,,,,,,,,,,,,,10.9,11.2,11.4,11.6,11.8,12,12.2,12.4,12.6,12.7,12.9,13,13.3,13.5,13.8,13.9,14,14,14,14.1,14.4,14.6,14.7,14.7,14.8,15,15.1,15.4,15.7,15.9
Zimbabwe,,,,,,,,,,,,,,,,,,,,,,,,,,,,,,,,,,,,,,10.9,11,11.5,12,12.5,13.1,13.4,13.7,13.9,14.1,14.4,14.7,14.9,14.9,14.8,14.3,13.8,13.4,13.1,12.7,12.5,12.3,12.3,12.4,12.6,12.9,13.1,13.3,13.4,13.6
